﻿Description,Avg. AverageCarrierDelay
Hawaiian Airlines Inc.,-0.571500790
Aloha Airlines Inc.,0.038478084
ATA Airlines d/b/a ATA,5.911885990
Frontier Airlines Inc.,6.075877578
Northwest Airlines Inc.,6.778036931
America West Airlines Inc. (Merged with US Airways 9/05. Stopped reporting 10/07.),7.332806241
Skywest Airlines Inc.,7.427290164
Pinnacle Airlines Inc.,7.898867808
Delta Air Lines Inc.,7.916762738
US Airways Inc. (Merged with America West 9/05. Reporting for both starting 10/07.),8.227236951
Expressjet Airlines Inc.,9.104920220
Comair Inc.,9.279075326
Independence Air,9.758787406
Alaska Airlines Inc.,9.791304515
Continental Air Lines Inc.,9.977786242
Southwest Airlines Co.,10.248678826
American Eagle Airlines Inc.,10.277749654
AirTran Airways Corporation,10.682832971
United Air Lines Inc.,11.161043115
American Airlines Inc.,11.300686788
JetBlue Airways,11.730076394
Mesa Airlines Inc.,12.885976967
Atlantic Southeast Airlines,14.398260798
