﻿Code,Description,MaxArrivalDelay,MaxDepartureDelay,MinArrivalDelay,MinDepartureDelay,AverageCarrierDelay
9E,Pinnacle Airlines Inc.,1942,1956,-66,-47,7.898867808
AA,American Airlines Inc.,1525,1521,-350,-64,11.300686788
AQ,Aloha Airlines Inc.,623,624,-90,-82,0.038478084
AS,Alaska Airlines Inc.,1139,1140,-692,-696,9.791304515
B6,JetBlue Airways,1392,1048,-105,-1200,11.730076394
CO,Continental Air Lines Inc.,1111,1139,-83,-65,9.977786242
DH,Independence Air,863,894,-1035,-685,9.758787406
DL,Delta Air Lines Inc.,1147,1163,-132,-124,7.916762738
EV,Atlantic Southeast Airlines,1187,1200,-978,-990,14.398260798
F9,Frontier Airlines Inc.,920,899,-67,-92,6.075877578
FL,AirTran Airways Corporation,1175,1206,-86,-62,10.682832971
HA,Hawaiian Airlines Inc.,1309,1317,-592,-607,-0.571500790
HP,America West Airlines Inc. ,1283,834,-106,-103,7.332806241
MQ,American Eagle Airlines Inc.,1707,1710,-926,-42,10.277749654
NW,Northwest Airlines Inc.,2598,2601,-1302,-183,6.778036931
OH,Comair Inc.,1380,1242,-90,-160,9.279075326
OO,Skywest Airlines Inc.,990,996,-950,-365,7.427290164
TZ,ATA Airlines d/b/a ATA,1300,1173,-147,-46,5.911885990
UA,United Air Lines Inc.,1393,1410,-84,-77,11.161043115
US,US Airways Inc. ,1073,1021,-91,-60,8.227236951
WN,Southwest Airlines Co.,889,883,-109,-46,10.248678826
XE,Expressjet Airlines Inc.,939,927,-157,-83,9.104920220
YV,Mesa Airlines Inc.,715,715,-129,-92,12.885976967
