﻿City,State,Avg. SumOfArrivalDelay,SumOfArrivalDelay
Seattle,WA,4368900,4368900
Arlington,VA,2903469,2903469
Chantilly,VA,3553997,3553997
Salt Lake City,UT,2871671,2871671
Houston,TX,6263003,6263003
Dallas-Fort Worth,TX,10311296,10311296
Philadelphia,PA,5993465,5993465
Cleveland,OH,3005957,3005957
New York,NY,7923871,15847742
Las Vegas,NV,6175257,6175257
Newark,NJ,13916719,13916719
Charlotte,NC,3415761,3415761
Minneapolis,MN,4587903,4587903
Detroit,MI,5154849,5154849
Baltimore,MD,3322514,3322514
Boston,MA,5807121,5807121
Chicago,IL,24189851,24189851
Atlanta,GA,20715021,20715021
Miami,FL,3169308,3169308
Orlando,FL,4044968,4044968
Denver,CO,6199851,6199851
Los Angeles,CA,6851352,6851352
San Francisco,CA,7099611,7099611
Phoenix,AZ,4507697,4507697
