﻿AirportName,Avg. SumOfArrivalDelay
Salt Lake City Intl,2871671
Ronald Reagan Washington National,2903469
Cleveland-Hopkins Intl,3005957
Miami International,3169308
Baltimore-Washington International,3322514
Charlotte/Douglas International,3415761
Washington Dulles International,3553997
Orlando International,4044968
Seattle-Tacoma Intl,4368900
Phoenix Sky Harbor International,4507697
Minneapolis-St Paul Intl,4587903
Detroit Metropolitan-Wayne County,5154849
Gen Edw L Logan Intl,5807121
Philadelphia Intl,5993465
McCarran International,6175257
Denver Intl,6199851
George Bush Intercontinental,6263003
Los Angeles International,6851352
John F Kennedy Intl,7098688
San Francisco International,7099611
LaGuardia,8749054
Dallas-Fort Worth International,10311296
Newark Intl,13916719
William B Hartsfield-Atlanta Intl,20715021
Chicago O'Hare International,24189851
