﻿Description,Count of Cancelled
Aloha Airlines Inc.,45
Hawaiian Airlines Inc.,66
Frontier Airlines Inc.,179
ATA Airlines d/b/a ATA,225
America West Airlines Inc. (Merged with US Airways 9/05. Stopped reporting 10/07.),489
Independence Air,704
Alaska Airlines Inc.,1211
AirTran Airways Corporation,1257
Continental Air Lines Inc.,1261
JetBlue Airways,2025
Pinnacle Airlines Inc.,2552
Northwest Airlines Inc.,3407
US Airways Inc. (Merged with America West 9/05. Reporting for both starting 10/07.),3972
Expressjet Airlines Inc.,4030
Atlantic Southeast Airlines,4277
Mesa Airlines Inc.,4555
United Air Lines Inc.,4722
Delta Air Lines Inc.,4971
Comair Inc.,5350
Southwest Airlines Co.,6477
Skywest Airlines Inc.,6686
American Airlines Inc.,8444
American Eagle Airlines Inc.,9435
